"country","genre","publicationDate","count"
"AR","Rock","2004",1
"AR","Rock","2006",1
"AR","Rock","2008",1
"AT","Chanson","1963",1
"AT","Dark Ambient","2009",1
"AT","Dark Metal","2000",1
"AT","Dark Metal","2002",1
"AT","Doom Metal","1994",1
"AT","Folk Metal","1998",1
"AT","Folk Metal","2007",1
"AT","Folk Rock","2012",1
"AT","Folk Rock","2014",1
"AT","Gothic Metal","1997",1
"AT","Gothic Metal","1999",1
"AT","Gothic Metal","2001",1
"AT","Modern Classical","2015",1
"AT","Neofolk","2005",1
"AT","Neofolk","2008",1
"AT","Neue Deutsche","2008",1
"AT","Symphonic Metal","2004",1
"AU","Alternative Metal","2012",1
"AU","Alternative Rock","2002",1
"AU","Alternative Rock","2010",1
"AU","Americana","2004",1
"AU","Australian Hip Hop","2004",2
"AU","Australian Hip Hop","2005",1
"AU","Australian Hip Hop","2007",1
"AU","Australian Hip Hop","2008",1
"AU","Australian Hip Hop","2009",1
"AU","Comedy","2004",1
"AU","Country","2000",1
"AU","Grindcore","2002",1
"AU","Indie","2005",1
"AU","Indie Rock","2003",1
"AU","Jazz","1982",1
"AU","Melodic Death Metal","2008",1
"AU","Pop","2000",1
"AU","Pop","2001",1
"AU","Pop","2008",2
"AU","Pop","2009",1
"AU","Pop Punk","2011",1
"AU","Pop Punk","2013",1
"AU","Punk Rock","1998",1
"AU","Rock","1990",1
"AU","Rock","1995",1
"AU","Rock","2000",1
"BE","Dark Electro","2005",2
"BE","Doom Metal","2001",1
"BE","Folk","2003",1
"BE","Metalcore","2000",1
"BE","Pop","1988",1
"BE","Pop","1989",1
"BE","Pop","1993",1
"BE","Pop","1997",1
"BE","Pop","2004",1
"BE","RIO","1981",1
"BE","RIO","1984",1
"BE","RIO","1986",1
"BE","Rock","2004",1
"BR","Children's Music","2004",1
"BR","Death Metal","1998",1
"BR","Death Metal","1999",1
"BR","Death Metal","2001",1
"BR","Folk Metal","1999",1
"BR","Folk Metal","2001",1
"BR","Folk Metal","2002",1
"BR","Folk Metal","2004",1
"BR","Forro","2015",1
"BR","Gothic Metal","2002",1
"BR","Gothic Metal","2003",1
"BR","Heavy Metal","1987",1
"BR","Heavy Metal","1989",1
"BR","Heavy Metal","1992",2
"BR","Heavy Metal","1993",1
"BR","Heavy Metal","1995",1
"BR","Heavy Metal","1996",1
"BR","Heavy Metal","2007",1
"BR","MPB","1993",1
"BR","MPB","1997",2
"BR","MPB","2002",2
"BR","MPB","2004",1
"BR","MPB","2009",1
"BR","MPB","2010",2
"BR","Pop","1979",1
"BR","Rock","1987",1
"BR","Rock","1993",1
"BR","Rock","1999",1
"BR","Rock","2002",1
"BR","Rock","2010",1
"CA","Alternative Rock","1995",1
"CA","Alternative Rock","1997",1
"CA","Avant-garde Metal","1999",1
"CA","Avant-garde Metal","2003",1
"CA","Avant-garde Metal","2011",1
"CA","Folk","1988",1
"CA","Indie Pop","2007",1
"CA","Indie Pop","2008",1
"CA","Indie Pop","2010",1
"CA","Indie Rock","2007",1
"CA","Indie Rock","2009",1
"CA","Jazz","2003",1
"CA","Pop","1978",1
"CA","Rock","1994",1
"CA","Rock","1996",1
"CA","Techno","2007",1
"CL","Doom Metal","2007",1
"CL","Folk Metal","2005",1
"CL","Rock","2012",1
"CZ","Punk Rock","2005",1
"CZ","Punk Rock","2008",1
"CZ","World Music","1997",1
"CZ","World Music","2000",1
"CZ","World Music","2002",1
"CZ","World Music","2004",1
"CZ","World Music","2007",1
"CZ","World Music","2010",1
"DE","Alternative Metal","1997",1
"DE","Alternative Metal","2008",1
"DE","Alternative Rock","1984",1
"DE","Alternative Rock","1992",1
"DE","Alternative Rock","1998",1
"DE","Alternative Rock","2002",1
"DE","Alternative Rock","2004",1
"DE","Alternative Rock","2008",1
"DE","Avant-garde","1991",1
"DE","Black Metal","1996",1
"DE","Black Metal","1999",2
"DE","Black Metal","2004",1
"DE","Chanson","1970",1
"DE","Chanson","1971",1
"DE","Chanson","1972",1
"DE","Chanson","1973",2
"DE","Chanson","1974",1
"DE","Chanson","1975",2
"DE","Chanson","1977",1
"DE","Chanson","1978",2
"DE","Chanson","1979",1
"DE","Chanson","1981",2
"DE","Chanson","1982",1
"DE","Chanson","1984",1
"DE","Chanson","1998",1
"DE","Chanson","2003",1
"DE","Chanson","2005",1
"DE","Chanson","2007",1
"DE","Country","1982",1
"DE","Dance","2008",1
"DE","Dance","2010",1
"DE","Dark Ambient","2003",1
"DE","Dark Ambient","2004",2
"DE","Dark Wave","2010",1
"DE","Death Metal","1998",1
"DE","Death Metal","2004",1
"DE","Death Metal","2006",1
"DE","Death Metal","2008",1
"DE","Death Metal","2010",2
"DE","Deutschrock","2006",1
"DE","Deutschrock","2011",1
"DE","EBM","2009",1
"DE","Electro","1998",1
"DE","Electro","1999",2
"DE","Electro","2000",1
"DE","Electro","2001",1
"DE","Electro","2009",1
"DE","Electronic","1993",1
"DE","Electronic","1995",1
"DE","Electronic","1998",1
"DE","Electronic","2001",1
"DE","Electronic","2003",1
"DE","Electronic","2006",1
"DE","Electronic","2008",1
"DE","Electronic Rock","2006",1
"DE","Electronicore","2008",1
"DE","Electronicore","2010",1
"DE","Electronicore","2013",1
"DE","Electropop","2015",1
"DE","Folk","1995",1
"DE","Folk","1999",1
"DE","Folk","2002",1
"DE","Folk Metal","2010",1
"DE","Folk Metal","2012",1
"DE","Folk Rock","1983",1
"DE","Folk Rock","1988",1
"DE","Folk Rock","1997",1
"DE","Folk Rock","1999",1
"DE","Folk Rock","2005",1
"DE","Folk Rock","2007",1
"DE","Folk Rock","2008",1
"DE","Folk Rock","2009",2
"DE","Futurepop","2004",1
"DE","Gothic","2002",1
"DE","Gothic","2003",3
"DE","Gothic Metal","2005",1
"DE","Gothic Metal","2007",1
"DE","Gothic Rock","2009",1
"DE","Hard Rock","1976",1
"DE","Hard Rock","1996",2
"DE","Hard Rock","2000",1
"DE","Hard Rock","2006",1
"DE","Hard Rock","2007",1
"DE","Hard Rock","2008",1
"DE","Hard Rock","2009",1
"DE","Heavy Metal","1985",1
"DE","Heavy Metal","1990",1
"DE","Heavy Metal","1992",1
"DE","Heavy Metal","2006",1
"DE","Heavy Metal","2008",1
"DE","Heavy Metal","2011",2
"DE","Indie","1996",1
"DE","Indie Pop","2003",1
"DE","Indie Pop","2006",1
"DE","Indie Pop","2008",1
"DE","Indie Pop","2015",1
"DE","Indie Rock","1998",1
"DE","Indie Rock","2000",1
"DE","Industrial","1996",1
"DE","Industrial","1999",1
"DE","Industrial","2003",1
"DE","Industrial","2008",1
"DE","Industrial Metal","2005",1
"DE","Industrial Metal","2006",1
"DE","Industrial Metal","2007",1
"DE","Industrial Metal","2011",1
"DE","Jazz","1995",1
"DE","Jazz","2003",1
"DE","Medieval","2002",1
"DE","Medieval","2005",1
"DE","Medieval","2006",1
"DE","Medieval","2007",1
"DE","Medieval","2011",1
"DE","Metalcore","2003",1
"DE","Metalcore","2010",1
"DE","Minimal","1981",1
"DE","Minimal","1983",1
"DE","Neue Deutsche","2001",1
"DE","Neue Deutsche","2002",1
"DE","Neue Deutsche","2003",1
"DE","Neue Deutsche","2004",2
"DE","Neue Deutsche","2005",1
"DE","Neue Deutsche","2006",2
"DE","Neue Deutsche","2008",2
"DE","New Wave","1980",1
"DE","Piano Rock","1994",1
"DE","Pop","1978",1
"DE","Pop","1980",1
"DE","Pop","1992",1
"DE","Pop","1998",1
"DE","Pop","2000",1
"DE","Pop","2001",2
"DE","Pop","2002",1
"DE","Pop","2011",1
"DE","Pop Rock","2004",1
"DE","Post-Hardcore","2010",1
"DE","Power Metal","1986",1
"DE","Power Metal","1988",1
"DE","Power Metal","1993",1
"DE","Power Metal","1994",2
"DE","Power Metal","1998",1
"DE","Power Metal","2000",1
"DE","Power Metal","2001",1
"DE","Power Metal","2002",1
"DE","Power Metal","2006",1
"DE","Progressive Metal","1994",1
"DE","Progressive Metal","1996",1
"DE","Progressive Metal","1997",1
"DE","Progressive Metal","1999",1
"DE","Progressive Metal","2001",1
"DE","Progressive Metal","2002",2
"DE","Progressive Metal","2006",1
"DE","Progressive Metal","2010",1
"DE","Progressive Rock","1975",1
"DE","Progressive Rock","2006",1
"DE","Progressive Rock","2008",2
"DE","Progressive Rock","2010",1
"DE","Punk Rock","1983",2
"DE","Punk Rock","1992",1
"DE","Punk Rock","1997",1
"DE","Rock","1971",1
"DE","Rock","1972",1
"DE","Rock","1975",1
"DE","Rock","1981",1
"DE","Rock","1983",1
"DE","Rock","1985",1
"DE","Rock","1993",1
"DE","Rock","1995",1
"DE","Rock","2004",1
"DE","Rock","2005",2
"DE","Rock","2006",1
"DE","Schlager","1967",1
"DE","Schlager","1969",1
"DE","Schlager","1970",1
"DE","Schlager","1973",1
"DE","Schlager","1974",2
"DE","Schlager","1976",1
"DE","Schlager","1977",3
"DE","Schlager","1979",1
"DE","Schlager","1982",1
"DE","Schlager","1983",1
"DE","Schlager","1986",1
"DE","Schlager","1987",1
"DE","Schlager","1993",1
"DE","Schlager","1999",2
"DE","Schlager","2002",1
"DE","Schlager","2008",1
"DE","Schlager","2011",1
"DE","Thrash Metal","2003",1
"DE","Trip Hop","1995",1
"DE","Viking Metal","2007",3
"DE","Viking Metal","2010",1
"DE","Viking Metal","2012",1
"DK","Electronic Rock","2007",1
"DK","Folk","2007",1
"DK","Folk Metal","2011",1
"DK","Folk Metal","2012",1
"DK","Heavy Metal","2005",1
"DK","Heavy Metal","2007",1
"DK","Heavy Metal","2008",1
"DK","Pop","1981",1
"EE","Indie Pop","2006",1
"EE","Indie Pop","2007",1
"EE","Indie Pop","2008",1
"EE","Indie Pop","2009",1
"EE","Indie Pop","2011",1
"EE","Neofolk","2011",1
"ES","Gothic Metal","2010",1
"ES","Indie Pop","2008",1
"ES","Indie Pop","2011",1
"ES","R&B","2005",1
"ES","Symphonic Metal","2002",1
"ES","Symphonic Metal","2011",1
"FI","Death Metal","2009",1
"FI","Gothic Metal","2005",1
"FI","Heavy Metal","2009",1
"FI","Heavy Metal","2010",1
"FI","Hip Hop","2004",1
"FI","Hip Hop","2005",2
"FI","Hip Hop","2008",1
"FI","Hip Hop","2009",1
"FI","Industrial","2003",2
"FI","Industrial Metal","2004",1
"FI","Industrial Metal","2005",1
"FI","Industrial Metal","2006",1
"FI","Power Metal","2004",1
"FI","Power Metal","2006",1
"FI","Progressive Rock","2011",1
"FI","Punk Rock","2010",1
"FI","Rock","1999",1
"FI","Rock","2004",1
"FI","Rock","2005",1
"FI","Rock","2007",1
"FI","Rock","2008",1
"FI","Rock","2009",1
"FI","Viking Metal","2001",1
"FO","Folk Metal","2000",1
"FO","Viking Metal","2002",1
"FR","Black Metal","2000",1
"FR","Black Metal","2002",1
"FR","Black Metal","2004",1
"FR","Electronic","2005",1
"FR","Francophone","1997",1
"FR","Francophone","1998",1
"FR","Francophone","1999",1
"FR","Francophone","2000",2
"FR","Francophone","2003",2
"FR","Francophone","2005",1
"FR","Francophone","2007",1
"FR","Francophone","2009",1
"FR","Francophone","2011",1
"FR","Francophone","2014",1
"FR","French Pop","1994",1
"FR","French Pop","2000",1
"FR","French Pop","2001",1
"FR","French Pop","2007",1
"FR","French Pop","2008",1
"FR","Hip Hop","2008",1
"FR","Indie","2005",1
"FR","Pop","1985",1
"FR","Pop","1991",1
"FR","Pop","2006",1
"FR","Reggae","2004",1
"FR","Reggae","2008",1
"FR","Rock","1977",1
"FR","Rock","1979",1
"FR","Rock","1980",1
"FR","Rock","1982",1
"FR","Rock","1984",1
"FR","Rock","1988",1
"FR","Rock","1992",1
"FR","Rock","1999",1
"FR","World Music","1996",1
"GB","Alternative Rock","1996",1
"GB","Alternative Rock","2000",1
"GB","Alternative Rock","2002",1
"GB","Alternative Rock","2005",1
"GB","Alternative Rock","2011",1
"GB","Blues","2010",1
"GB","Classical","1985",1
"GB","Country","1994",1
"GB","Dance","2012",1
"GB","Death Metal","2002",1
"GB","Electronic","2002",1
"GB","Electronic","2007",1
"GB","Electronica","2010",1
"GB","Folk","1969",1
"GB","Folk","2005",1
"GB","Folk","2006",1
"GB","Folk Metal","2007",1
"GB","Folk Rock","1968",1
"GB","Folktronica","2005",1
"GB","Folktronica","2006",2
"GB","Folktronica","2007",1
"GB","Gothic Rock","1998",1
"GB","Hard Rock","1970",1
"GB","Hard Rock","1971",1
"GB","Hard Rock","1973",1
"GB","Hard Rock","1974",2
"GB","Hard Rock","1975",1
"GB","Hard Rock","1977",1
"GB","Hard Rock","1983",1
"GB","Hard Rock","1985",1
"GB","Hard Rock","1988",1
"GB","Hard Rock","1995",1
"GB","Hard Rock","1998",1
"GB","Heavy Metal","1981",1
"GB","Heavy Metal","2013",1
"GB","Hip Hop","1991",1
"GB","Indie Rock","1995",1
"GB","Indie Rock","2006",4
"GB","Indie Rock","2008",1
"GB","Indie Rock","2010",1
"GB","Industrial","2010",1
"GB","Industrial Rock","2007",1
"GB","Industrial Rock","2011",1
"GB","Jazz","1998",1
"GB","Jazz","2011",1
"GB","Neofolk","2004",1
"GB","Neofolk","2007",1
"GB","New Wave","1993",2
"GB","New Wave","1994",1
"GB","Pop","1987",1
"GB","Pop","1988",1
"GB","Pop","1989",1
"GB","Pop","1991",1
"GB","Pop","1993",1
"GB","Pop","1995",1
"GB","Pop","1997",1
"GB","Pop","2000",1
"GB","Pop","2001",1
"GB","Pop","2003",1
"GB","Pop","2004",1
"GB","Pop","2007",2
"GB","Pop","2008",1
"GB","Pop","2009",2
"GB","Pop","2010",1
"GB","Post-Hardcore","2008",1
"GB","Post-Hardcore","2011",1
"GB","Post-Punk","1984",1
"GB","Post-Punk","2011",1
"GB","Post-Punk","2012",1
"GB","Progressive Metal","1995",1
"GB","Progressive Rock","1970",1
"GB","Progressive Rock","1971",2
"GB","Progressive Rock","1973",1
"GB","Progressive Rock","1975",1
"GB","Progressive Rock","1976",1
"GB","Progressive Rock","1977",1
"GB","Progressive Rock","1978",1
"GB","Progressive Rock","1979",3
"GB","Progressive Rock","2000",1
"GB","Progressive Rock","2005",1
"GB","Progressive Rock","2008",1
"GB","Progressive Rock","2011",2
"GB","Punk Rock","1981",1
"GB","Punk Rock","1983",1
"GB","Punk Rock","1985",1
"GB","Punk Rock","1986",1
"GB","Punk Rock","1987",1
"GB","Punk Rock","1990",1
"GB","Punk Rock","1995",1
"GB","Punk Rock","1997",1
"GB","Punk Rock","2004",1
"GB","Punk Rock","2010",1
"GB","R&B","2000",1
"GB","R&B","2009",1
"GB","Reggae","1988",1
"GB","Reggae","2001",1
"GB","Rock","1977",1
"GB","Rock","1978",1
"GB","Rock","1987",1
"GB","Rock","1991",1
"GB","Rock","1993",1
"GB","Rock","1994",1
"GB","Rock","1996",2
"GB","Rock","2000",1
"GB","Rock","2001",1
"GB","Rock","2002",2
"GB","Rock","2006",1
"GB","Rock","2007",1
"GB","Symphonic Rock","1983",1
"GB","Synthpop","1986",1
"GB","Techno","2009",1
"GB","Trip Hop","1998",1
"GB","Trip Hop","2001",1
"GB","Trip Hop","2003",1
"GB","Trip Hop","2008",1
"GB","Vocal Jazz","2012",1
"GR","Dark Ambient","2009",1
"IN","Blues","2012",1
"Inconnu","Acoustic","1982",1
"Inconnu","Acoustic","1992",1
"Inconnu","Acoustic","2011",1
"Inconnu","Alternative Hip Hop","2011",1
"Inconnu","Alternative Metal","1992",1
"Inconnu","Alternative Metal","1998",1
"Inconnu","Alternative Metal","2011",1
"Inconnu","Alternative Rock","1983",1
"Inconnu","Alternative Rock","1987",1
"Inconnu","Alternative Rock","1988",1
"Inconnu","Alternative Rock","1993",1
"Inconnu","Alternative Rock","1997",4
"Inconnu","Alternative Rock","1999",2
"Inconnu","Alternative Rock","2000",2
"Inconnu","Alternative Rock","2001",2
"Inconnu","Alternative Rock","2002",3
"Inconnu","Alternative Rock","2003",1
"Inconnu","Alternative Rock","2005",2
"Inconnu","Alternative Rock","2006",2
"Inconnu","Alternative Rock","2007",1
"Inconnu","Alternative Rock","2010",4
"Inconnu","Alternative Rock","2011",2
"Inconnu","Alternative Rock","2012",3
"Inconnu","Alternative Rock","2013",3
"Inconnu","Alternative Rock","2014",2
"Inconnu","Alternative Rock","2015",3
"Inconnu","Alternative Rock","2016",1
"Inconnu","Ambient","2014",1
"Inconnu","Americana","1992",1
"Inconnu","Americana","2005",2
"Inconnu","Americana","2007",1
"Inconnu","Art Rock","1986",1
"Inconnu","Art Rock","2009",1
"Inconnu","Art Rock","2011",1
"Inconnu","Art Rock","2014",1
"Inconnu","Australian Hip Hop","2006",2
"Inconnu","Avant-garde","1992",1
"Inconnu","Avant-garde","1993",1
"Inconnu","Avant-garde","1995",1
"Inconnu","Avant-garde","1996",1
"Inconnu","Avant-garde","1997",1
"Inconnu","Ballad","2012",1
"Inconnu","Baroque Pop","2013",1
"Inconnu","Black Metal","1990",1
"Inconnu","Black Metal","1991",1
"Inconnu","Black Metal","1992",1
"Inconnu","Black Metal","1993",1
"Inconnu","Black Metal","1995",2
"Inconnu","Black Metal","1996",2
"Inconnu","Black Metal","1997",2
"Inconnu","Black Metal","2000",1
"Inconnu","Black Metal","2001",1
"Inconnu","Black Metal","2003",2
"Inconnu","Black Metal","2004",1
"Inconnu","Black Metal","2006",2
"Inconnu","Black Metal","2009",1
"Inconnu","Black Metal","2011",1
"Inconnu","Black Metal","2012",1
"Inconnu","Blues","1994",2
"Inconnu","Blues","1996",2
"Inconnu","Blues","1999",1
"Inconnu","Blues","2000",1
"Inconnu","Blues","2003",1
"Inconnu","Blues","2005",1
"Inconnu","Blues","2007",1
"Inconnu","Blues","2009",1
"Inconnu","Blues","2011",1
"Inconnu","Blues Rock","1995",1
"Inconnu","Blues Rock","1997",1
"Inconnu","Blues Rock","1999",1
"Inconnu","Blues Rock","2002",1
"Inconnu","Blues Rock","2013",1
"Inconnu","Blues Rock","2015",1
"Inconnu","Bossa Nova","2005",1
"Inconnu","Breakcore","2008",1
"Inconnu","Breakcore","2014",1
"Inconnu","Bubblegum Pop","1966",1
"Inconnu","Bubblegum Pop","1967",1
"Inconnu","Chanson","1964",2
"Inconnu","Chanson","1965",1
"Inconnu","Chanson","1967",1
"Inconnu","Chanson","1969",1
"Inconnu","Chanson","1971",2
"Inconnu","Chanson","1972",1
"Inconnu","Chanson","1974",2
"Inconnu","Chanson","1975",1
"Inconnu","Chanson","1978",1
"Inconnu","Chanson","1980",2
"Inconnu","Chanson","1987",1
"Inconnu","Chanson","2001",1
"Inconnu","Chanson","2009",1
"Inconnu","Chanson","2010",1
"Inconnu","Children's Music","1991",1
"Inconnu","Children's Music","1992",2
"Inconnu","Children's Music","2003",2
"Inconnu","Children's Music","2004",1
"Inconnu","Chillwave","2015",1
"Inconnu","Christian","2001",1
"Inconnu","Christian","2002",1
"Inconnu","Christian","2012",2
"Inconnu","Christmas","1966",1
"Inconnu","Christmas","2000",1
"Inconnu","Christmas","2005",1
"Inconnu","Christmas","2012",1
"Inconnu","Christmas","2013",1
"Inconnu","Classical","1998",1
"Inconnu","Classical","2002",1
"Inconnu","Classical","2003",1
"Inconnu","Comedy","1986",2
"Inconnu","Comedy","1987",1
"Inconnu","Comedy","2004",1
"Inconnu","Comedy","2010",1
"Inconnu","Contemporary Christian","1990",1
"Inconnu","Contemporary Christian","1991",1
"Inconnu","Contemporary Christian","1993",2
"Inconnu","Contemporary Christian","1995",1
"Inconnu","Contemporary Christian","2012",1
"Inconnu","Contemporary Christian","2013",2
"Inconnu","Contemporary Christian","2014",3
"Inconnu","Contemporary Christian","2015",2
"Inconnu","Country","1955",1
"Inconnu","Country","1956",1
"Inconnu","Country","1957",1
"Inconnu","Country","1959",3
"Inconnu","Country","1960",3
"Inconnu","Country","1961",1
"Inconnu","Country","1962",2
"Inconnu","Country","1963",2
"Inconnu","Country","1964",1
"Inconnu","Country","1965",2
"Inconnu","Country","1966",1
"Inconnu","Country","1967",1
"Inconnu","Country","1968",2
"Inconnu","Country","1969",1
"Inconnu","Country","1970",3
"Inconnu","Country","1971",1
"Inconnu","Country","1972",1
"Inconnu","Country","1973",2
"Inconnu","Country","1974",1
"Inconnu","Country","1975",1
"Inconnu","Country","1976",1
"Inconnu","Country","1977",3
"Inconnu","Country","1978",2
"Inconnu","Country","1979",4
"Inconnu","Country","1981",1
"Inconnu","Country","1982",1
"Inconnu","Country","1983",2
"Inconnu","Country","1984",2
"Inconnu","Country","1985",1
"Inconnu","Country","1987",1
"Inconnu","Country","1988",1
"Inconnu","Country","1989",3
"Inconnu","Country","1990",2
"Inconnu","Country","1991",3
"Inconnu","Country","1992",1
"Inconnu","Country","1993",1
"Inconnu","Country","1995",3
"Inconnu","Country","1996",1
"Inconnu","Country","1997",1
"Inconnu","Country","1998",1
"Inconnu","Country","1999",1
"Inconnu","Country","2002",1
"Inconnu","Country","2003",2
"Inconnu","Country","2004",2
"Inconnu","Country","2005",1
"Inconnu","Country","2006",2
"Inconnu","Country","2007",1
"Inconnu","Country","2008",1
"Inconnu","Country","2011",2
"Inconnu","Country","2013",2
"Inconnu","Country","2016",1
"Inconnu","Crunk","2009",1
"Inconnu","Crust Punk","1994",1
"Inconnu","Crust Punk","2000",1
"Inconnu","Crust Punk","2002",1
"Inconnu","Dance","2001",1
"Inconnu","Dance","2002",1
"Inconnu","Dance","2003",1
"Inconnu","Dance","2013",1
"Inconnu","Dance-Pop","1999",1
"Inconnu","Dance-Pop","2002",1
"Inconnu","Dance-Pop","2005",1
"Inconnu","Dance-Pop","2007",1
"Inconnu","Dark Ambient","2002",1
"Inconnu","Dark Cabaret","2006",2
"Inconnu","Dark Electro","2006",2
"Inconnu","Dark Metal","1999",1
"Inconnu","Dark Wave","2004",1
"Inconnu","Dark Wave","2006",1
"Inconnu","Dark Wave","2010",1
"Inconnu","Death Metal","1989",1
"Inconnu","Death Metal","1990",1
"Inconnu","Death Metal","1993",1
"Inconnu","Death Metal","1994",2
"Inconnu","Death Metal","1995",1
"Inconnu","Death Metal","1997",1
"Inconnu","Death Metal","1998",2
"Inconnu","Death Metal","1999",1
"Inconnu","Death Metal","2003",2
"Inconnu","Death Metal","2004",1
"Inconnu","Death Metal","2006",1
"Inconnu","Death Metal","2007",1
"Inconnu","Death Metal","2009",1
"Inconnu","Death Metal","2011",2
"Inconnu","Deathcore","2005",1
"Inconnu","Deathcore","2015",1
"Inconnu","Deutschrock","1975",1
"Inconnu","Deutschrock","2006",1
"Inconnu","Deutschrock","2013",1
"Inconnu","Disco","1975",1
"Inconnu","Disco","1976",1
"Inconnu","Disco","1977",1
"Inconnu","Disco","1978",1
"Inconnu","Disco","1979",1
"Inconnu","Disco","1983",1
"Inconnu","Djent","2015",1
"Inconnu","Doom Metal","1984",1
"Inconnu","Doom Metal","2003",1
"Inconnu","Doom Metal","2004",1
"Inconnu","Doom Metal","2006",1
"Inconnu","Doom Metal","2011",1
"Inconnu","Drone Music","2005",1
"Inconnu","Easy Listening","1970",1
"Inconnu","Easy Listening","1993",1
"Inconnu","EBM","2011",1
"Inconnu","EBM","2012",1
"Inconnu","Electronic","1973",1
"Inconnu","Electronic","1975",1
"Inconnu","Electronic","1976",1
"Inconnu","Electronic","1977",1
"Inconnu","Electronic","1978",1
"Inconnu","Electronic","1979",2
"Inconnu","Electronic","1980",1
"Inconnu","Electronic","1988",1
"Inconnu","Electronic","1989",1
"Inconnu","Electronic","1990",1
"Inconnu","Electronic","1992",1
"Inconnu","Electronic","1995",2
"Inconnu","Electronic","1999",1
"Inconnu","Electronic","2000",2
"Inconnu","Electronic","2002",1
"Inconnu","Electronic","2005",1
"Inconnu","Electronic","2006",1
"Inconnu","Electronic","2007",3
"Inconnu","Electronic","2009",1
"Inconnu","Electronic","2010",1
"Inconnu","Electronic","2011",2
"Inconnu","Electronic","2012",1
"Inconnu","Electronic","2013",1
"Inconnu","Electronic","2014",1
"Inconnu","Electronic","2016",1
"Inconnu","Electronic Rock","2004",1
"Inconnu","Electronic Rock","2010",3
"Inconnu","Electronic Rock","2014",1
"Inconnu","Electronica","2006",3
"Inconnu","Electronica","2012",1
"Inconnu","Electronicore","2008",1
"Inconnu","Electronicore","2012",1
"Inconnu","Electropop","2014",1
"Inconnu","Electropop","2015",2
"Inconnu","Emo","2000",1
"Inconnu","Emo","2002",1
"Inconnu","Eurodance","1999",1
"Inconnu","Eurodance","2000",1
"Inconnu","Experimental","2009",1
"Inconnu","Experimental","2011",1
"Inconnu","Experimental","2012",1
"Inconnu","Experimental","2014",1
"Inconnu","Experimental Rock","2003",1
"Inconnu","Experimental Rock","2009",1
"Inconnu","Experimental Rock","2012",1
"Inconnu","Experimental Rock","2014",1
"Inconnu","Fado","2001",1
"Inconnu","Folk","1971",1
"Inconnu","Folk","1972",1
"Inconnu","Folk","1974",1
"Inconnu","Folk","1978",1
"Inconnu","Folk","1980",1
"Inconnu","Folk","1988",1
"Inconnu","Folk","1996",1
"Inconnu","Folk","1998",2
"Inconnu","Folk","2000",1
"Inconnu","Folk","2002",1
"Inconnu","Folk","2004",4
"Inconnu","Folk","2005",1
"Inconnu","Folk","2006",2
"Inconnu","Folk","2008",2
"Inconnu","Folk","2009",2
"Inconnu","Folk","2010",2
"Inconnu","Folk","2011",2
"Inconnu","Folk","2012",2
"Inconnu","Folk","2013",1
"Inconnu","Folk","2014",1
"Inconnu","Folk Metal","1996",1
"Inconnu","Folk Metal","1997",2
"Inconnu","Folk Metal","2000",1
"Inconnu","Folk Metal","2002",1
"Inconnu","Folk Metal","2009",1
"Inconnu","Folk Punk","1982",1
"Inconnu","Folk Rock","1967",1
"Inconnu","Folk Rock","1968",1
"Inconnu","Folk Rock","1970",1
"Inconnu","Folk Rock","1977",1
"Inconnu","Folk Rock","1981",1
"Inconnu","Folk Rock","1985",1
"Inconnu","Folk Rock","1990",1
"Inconnu","Folk Rock","1991",1
"Inconnu","Folk Rock","1993",2
"Inconnu","Folk Rock","1994",1
"Inconnu","Folk Rock","1996",2
"Inconnu","Folk Rock","1998",2
"Inconnu","Folk Rock","2000",2
"Inconnu","Folk Rock","2001",1
"Inconnu","Folk Rock","2002",1
"Inconnu","Folk Rock","2003",2
"Inconnu","Folk Rock","2004",1
"Inconnu","Folk Rock","2005",3
"Inconnu","Folk Rock","2006",1
"Inconnu","Folk Rock","2007",2
"Inconnu","Folk Rock","2008",1
"Inconnu","Folk Rock","2009",4
"Inconnu","Folk Rock","2010",1
"Inconnu","Folk Rock","2011",1
"Inconnu","Folk Rock","2012",2
"Inconnu","Folk Rock","2013",2
"Inconnu","Folk Rock","2015",2
"Inconnu","Folktronica","2010",1
"Inconnu","Forro","1963",1
"Inconnu","Forro","1975",1
"Inconnu","Forro","1977",1
"Inconnu","Forro","1978",1
"Inconnu","Francophone","2011",1
"Inconnu","Freestyle","1986",1
"Inconnu","Freestyle","1991",1
"Inconnu","Freestyle","1992",1
"Inconnu","Freestyle","1994",2
"Inconnu","Freestyle","2001",1
"Inconnu","French Pop","1988",1
"Inconnu","French Pop","1990",1
"Inconnu","French Pop","2007",1
"Inconnu","French Pop","2009",1
"Inconnu","Funk","1982",1
"Inconnu","Futurepop","2012",1
"Inconnu","Futurepop","2013",1
"Inconnu","Gangsta Rap","1992",1
"Inconnu","Gangsta Rap","1993",2
"Inconnu","Gangsta Rap","1997",1
"Inconnu","Gangsta Rap","1999",1
"Inconnu","Gangsta Rap","2005",1
"Inconnu","Garage Rock","2007",1
"Inconnu","Garage Rock","2008",1
"Inconnu","Garage Rock","2009",1
"Inconnu","Garage Rock","2013",1
"Inconnu","Glam Metal","1987",1
"Inconnu","Glam Metal","1988",1
"Inconnu","Glam Metal","1989",1
"Inconnu","Glam Metal","1990",1
"Inconnu","Glam Metal","1991",1
"Inconnu","Glam Rock","1992",1
"Inconnu","Glam Rock","1994",1
"Inconnu","Glam Rock","1996",1
"Inconnu","Glam Rock","1997",1
"Inconnu","Glam Rock","1999",1
"Inconnu","Glam Rock","2007",1
"Inconnu","Glam Rock","2013",1
"Inconnu","Goregrind","2004",1
"Inconnu","Gospel","1983",1
"Inconnu","Gospel","1984",1
"Inconnu","Gospel","1987",1
"Inconnu","Gospel","1995",2
"Inconnu","Gospel","1997",1
"Inconnu","Gospel","1999",1
"Inconnu","Gospel","2001",1
"Inconnu","Gospel","2002",1
"Inconnu","Gospel","2003",1
"Inconnu","Gospel","2006",1
"Inconnu","Gospel","2010",1
"Inconnu","Gothic","2005",1
"Inconnu","Gothic Metal","1999",1
"Inconnu","Gothic Metal","2002",1
"Inconnu","Gothic Metal","2003",1
"Inconnu","Gothic Metal","2013",1
"Inconnu","Gothic Rock","2000",2
"Inconnu","Grindcore","1995",1
"Inconnu","Groove Metal","2014",1
"Inconnu","Hard Rock","1970",2
"Inconnu","Hard Rock","1971",2
"Inconnu","Hard Rock","1972",3
"Inconnu","Hard Rock","1975",1
"Inconnu","Hard Rock","1976",2
"Inconnu","Hard Rock","1977",2
"Inconnu","Hard Rock","1978",3
"Inconnu","Hard Rock","1979",3
"Inconnu","Hard Rock","1980",6
"Inconnu","Hard Rock","1981",3
"Inconnu","Hard Rock","1982",2
"Inconnu","Hard Rock","1983",1
"Inconnu","Hard Rock","1984",2
"Inconnu","Hard Rock","1985",1
"Inconnu","Hard Rock","1986",1
"Inconnu","Hard Rock","1988",1
"Inconnu","Hard Rock","1989",3
"Inconnu","Hard Rock","1991",5
"Inconnu","Hard Rock","1992",2
"Inconnu","Hard Rock","1993",2
"Inconnu","Hard Rock","1995",2
"Inconnu","Hard Rock","1996",2
"Inconnu","Hard Rock","1997",2
"Inconnu","Hard Rock","1998",2
"Inconnu","Hard Rock","2000",1
"Inconnu","Hard Rock","2001",1
"Inconnu","Hard Rock","2002",1
"Inconnu","Hard Rock","2004",2
"Inconnu","Hard Rock","2005",1
"Inconnu","Hard Rock","2008",1
"Inconnu","Hard Rock","2009",2
"Inconnu","Hard Rock","2010",2
"Inconnu","Hard Rock","2012",4
"Inconnu","Hard Rock","2013",1
"Inconnu","Hard Rock","2014",4
"Inconnu","Hard Rock","2015",3
"Inconnu","Hardcore Hip Hop","1994",1
"Inconnu","Hardcore Punk","1986",1
"Inconnu","Hardcore Punk","1988",2
"Inconnu","Hardcore Punk","1990",2
"Inconnu","Hardcore Punk","1992",2
"Inconnu","Hardcore Punk","1994",1
"Inconnu","Hardcore Punk","1997",1
"Inconnu","Hardcore Punk","2000",1
"Inconnu","Hardcore Punk","2004",1
"Inconnu","Heavy Metal","1982",1
"Inconnu","Heavy Metal","1983",1
"Inconnu","Heavy Metal","1985",2
"Inconnu","Heavy Metal","1986",1
"Inconnu","Heavy Metal","1987",1
"Inconnu","Heavy Metal","1988",3
"Inconnu","Heavy Metal","1989",2
"Inconnu","Heavy Metal","1990",2
"Inconnu","Heavy Metal","1992",2
"Inconnu","Heavy Metal","1993",2
"Inconnu","Heavy Metal","1995",1
"Inconnu","Heavy Metal","1996",1
"Inconnu","Heavy Metal","2000",2
"Inconnu","Heavy Metal","2001",1
"Inconnu","Heavy Metal","2002",1
"Inconnu","Heavy Metal","2004",1
"Inconnu","Heavy Metal","2005",3
"Inconnu","Heavy Metal","2010",1
"Inconnu","Heavy Metal","2011",2
"Inconnu","Heavy Metal","2013",3
"Inconnu","Heavy Metal","2014",1
"Inconnu","Heavy Metal","2015",1
"Inconnu","Hip Hop","1988",1
"Inconnu","Hip Hop","1990",1
"Inconnu","Hip Hop","1992",1
"Inconnu","Hip Hop","1993",1
"Inconnu","Hip Hop","1999",1
"Inconnu","Hip Hop","2000",1
"Inconnu","Hip Hop","2001",3
"Inconnu","Hip Hop","2003",3
"Inconnu","Hip Hop","2004",2
"Inconnu","Hip Hop","2005",3
"Inconnu","Hip Hop","2006",3
"Inconnu","Hip Hop","2007",5
"Inconnu","Hip Hop","2008",3
"Inconnu","Hip Hop","2009",2
"Inconnu","Hip Hop","2010",4
"Inconnu","Hip Hop","2011",7
"Inconnu","Hip Hop","2012",8
"Inconnu","Hip Hop","2013",6
"Inconnu","Hip Hop","2014",4
"Inconnu","Hip Hop","2015",5
"Inconnu","Horror Punk","2011",1
"Inconnu","Horrorcore","2001",1
"Inconnu","Horrorcore","2003",1
"Inconnu","Horrorcore","2005",2
"Inconnu","House","2009",1
"Inconnu","Indie","2009",2
"Inconnu","Indie","2011",1
"Inconnu","Indie","2013",1
"Inconnu","Indie","2015",1
"Inconnu","Indie Folk","2013",1
"Inconnu","Indie Folk","2014",1
"Inconnu","Indie Folk","2016",1
"Inconnu","Indie Pop","2002",1
"Inconnu","Indie Pop","2004",1
"Inconnu","Indie Pop","2005",2
"Inconnu","Indie Pop","2006",1
"Inconnu","Indie Pop","2008",1
"Inconnu","Indie Pop","2012",6
"Inconnu","Indie Pop","2014",3
"Inconnu","Indie Pop","2015",5
"Inconnu","Indie Pop","2016",1
"Inconnu","Indie Rock","1992",1
"Inconnu","Indie Rock","1993",2
"Inconnu","Indie Rock","1994",2
"Inconnu","Indie Rock","1996",1
"Inconnu","Indie Rock","1997",1
"Inconnu","Indie Rock","2000",1
"Inconnu","Indie Rock","2002",1
"Inconnu","Indie Rock","2003",2
"Inconnu","Indie Rock","2004",2
"Inconnu","Indie Rock","2005",1
"Inconnu","Indie Rock","2006",3
"Inconnu","Indie Rock","2007",2
"Inconnu","Indie Rock","2009",2
"Inconnu","Indie Rock","2010",3
"Inconnu","Indie Rock","2011",2
"Inconnu","Indie Rock","2012",5
"Inconnu","Indie Rock","2013",2
"Inconnu","Indie Rock","2014",5
"Inconnu","Indie Rock","2015",4
"Inconnu","Industrial","1994",1
"Inconnu","Industrial","1997",1
"Inconnu","Industrial","2004",4
"Inconnu","Industrial","2006",1
"Inconnu","Industrial","2010",1
"Inconnu","Industrial","2012",1
"Inconnu","Industrial Metal","2002",1
"Inconnu","Industrial Metal","2005",1
"Inconnu","Industrial Metal","2007",2
"Inconnu","Industrial Metal","2008",1
"Inconnu","Industrial Metal","2009",1
"Inconnu","Industrial Metal","2010",1
"Inconnu","Industrial Metal","2011",1
"Inconnu","Irish Folk","1977",1
"Inconnu","J-Pop","1996",2
"Inconnu","J-Pop","1997",3
"Inconnu","J-Pop","1998",3
"Inconnu","J-Pop","1999",1
"Inconnu","J-Pop","2000",1
"Inconnu","J-Pop","2001",1
"Inconnu","J-Pop","2002",2
"Inconnu","J-Pop","2003",1
"Inconnu","J-Pop","2005",1
"Inconnu","J-Pop","2007",1
"Inconnu","J-Pop","2010",2
"Inconnu","J-Pop","2012",2
"Inconnu","J-Pop","2013",1
"Inconnu","J-Pop","2014",3
"Inconnu","J-Rap","1993",1
"Inconnu","J-Rap","2001",1
"Inconnu","J-Rap","2006",1
"Inconnu","J-Rock","2007",1
"Inconnu","Jazz","1957",1
"Inconnu","Jazz","1958",1
"Inconnu","Jazz","1959",1
"Inconnu","Jazz","1960",2
"Inconnu","Jazz","1961",1
"Inconnu","Jazz","1962",2
"Inconnu","Jazz","1963",1
"Inconnu","Jazz","1964",3
"Inconnu","Jazz","1966",1
"Inconnu","Jazz","1967",1
"Inconnu","Jazz","1968",2
"Inconnu","Jazz","1969",1
"Inconnu","Jazz","1971",2
"Inconnu","Jazz","1972",2
"Inconnu","Jazz","1973",3
"Inconnu","Jazz","1975",2
"Inconnu","Jazz","1988",1
"Inconnu","Jazz","1990",1
"Inconnu","Jazz","1991",1
"Inconnu","Jazz","1994",2
"Inconnu","Jazz","1996",3
"Inconnu","Jazz","1998",1
"Inconnu","Jazz","2001",1
"Inconnu","Jazz","2003",1
"Inconnu","Jazz","2004",1
"Inconnu","Jazz","2006",1
"Inconnu","Jazz","2009",1
"Inconnu","Jazz","2010",1
"Inconnu","Jazz","2012",1
"Inconnu","Jazz Fusion","1970",1
"Inconnu","Jazz Fusion","1971",1
"Inconnu","Jazz Fusion","1972",1
"Inconnu","Jazz Fusion","1973",1
"Inconnu","Jazz Fusion","1974",1
"Inconnu","Jazz Fusion","1978",1
"Inconnu","Jazz Fusion","1982",1
"Inconnu","Jazz Fusion","1997",1
"Inconnu","Jazz Fusion","2012",1
"Inconnu","Latin","1969",1
"Inconnu","Latin","2011",1
"Inconnu","Latin","2013",2
"Inconnu","Latin","2014",3
"Inconnu","Latin Pop","2001",1
"Inconnu","Latin Pop","2004",1
"Inconnu","Latin Pop","2008",1
"Inconnu","Latin Rock","2011",1
"Inconnu","Latin Rock","2013",1
"Inconnu","Medieval","1999",1
"Inconnu","Medieval","2008",1
"Inconnu","Melodic Metalcore","2011",1
"Inconnu","Melodic Metalcore","2015",1
"Inconnu","Metalcore","2002",1
"Inconnu","Metalcore","2003",1
"Inconnu","Metalcore","2008",1
"Inconnu","Metalcore","2012",1
"Inconnu","Metalcore","2013",1
"Inconnu","Metalcore","2014",4
"Inconnu","Metalcore","2015",1
"Inconnu","Midwest Rap","1994",1
"Inconnu","Midwest Rap","2001",1
"Inconnu","Midwest Rap","2002",1
"Inconnu","Midwest Rap","2005",1
"Inconnu","Midwest Rap","2009",1
"Inconnu","Minimal","1983",1
"Inconnu","Modern Rock","1987",1
"Inconnu","MPB","1973",1
"Inconnu","MPB","1985",1
"Inconnu","MPB","1987",1
"Inconnu","MPB","1995",1
"Inconnu","MPB","2000",1
"Inconnu","MPB","2005",1
"Inconnu","MPB","2007",1
"Inconnu","MPB","2009",1
"Inconnu","New Age","1997",1
"Inconnu","New Age","1999",1
"Inconnu","New Age","2014",1
"Inconnu","New Wave","1978",1
"Inconnu","New Wave","1980",1
"Inconnu","New Wave","1981",1
"Inconnu","New Wave","1982",1
"Inconnu","New Wave","1984",1
"Inconnu","New Wave","1986",1
"Inconnu","Nu Metal","2003",2
"Inconnu","Orchestral","2005",1
"Inconnu","Orchestral","2010",1
"Inconnu","Orchestral","2011",1
"Inconnu","Orchestral","2015",1
"Inconnu","Parody","2003",1
"Inconnu","Parody","2009",4
"Inconnu","Parody","2010",3
"Inconnu","Parody","2011",3
"Inconnu","Piano Rock","1992",1
"Inconnu","Piano Rock","2007",1
"Inconnu","Piano Rock","2014",1
"Inconnu","Pop","1956",1
"Inconnu","Pop","1961",1
"Inconnu","Pop","1971",1
"Inconnu","Pop","1972",3
"Inconnu","Pop","1973",1
"Inconnu","Pop","1974",1
"Inconnu","Pop","1975",1
"Inconnu","Pop","1976",2
"Inconnu","Pop","1977",2
"Inconnu","Pop","1978",2
"Inconnu","Pop","1979",2
"Inconnu","Pop","1980",3
"Inconnu","Pop","1981",2
"Inconnu","Pop","1982",5
"Inconnu","Pop","1983",3
"Inconnu","Pop","1984",4
"Inconnu","Pop","1985",2
"Inconnu","Pop","1986",2
"Inconnu","Pop","1987",6
"Inconnu","Pop","1988",3
"Inconnu","Pop","1990",3
"Inconnu","Pop","1991",6
"Inconnu","Pop","1992",1
"Inconnu","Pop","1993",1
"Inconnu","Pop","1994",4
"Inconnu","Pop","1995",2
"Inconnu","Pop","1996",4
"Inconnu","Pop","1997",3
"Inconnu","Pop","1998",3
"Inconnu","Pop","1999",6
"Inconnu","Pop","2000",4
"Inconnu","Pop","2001",6
"Inconnu","Pop","2002",6
"Inconnu","Pop","2003",3
"Inconnu","Pop","2004",6
"Inconnu","Pop","2005",5
"Inconnu","Pop","2006",8
"Inconnu","Pop","2007",6
"Inconnu","Pop","2008",4
"Inconnu","Pop","2009",5
"Inconnu","Pop","2010",5
"Inconnu","Pop","2011",4
"Inconnu","Pop","2012",7
"Inconnu","Pop","2013",5
"Inconnu","Pop","2014",3
"Inconnu","Pop","2015",1
"Inconnu","Pop Punk","2011",1
"Inconnu","Pop Punk","2013",1
"Inconnu","Pop Punk","2014",2
"Inconnu","Pop Rock","1968",1
"Inconnu","Pop Rock","1971",1
"Inconnu","Pop Rock","1983",1
"Inconnu","Pop Rock","1984",1
"Inconnu","Pop Rock","1985",1
"Inconnu","Pop Rock","1988",2
"Inconnu","Pop Rock","1991",2
"Inconnu","Pop Rock","1994",1
"Inconnu","Pop Rock","1995",1
"Inconnu","Pop Rock","1996",3
"Inconnu","Pop Rock","1997",1
"Inconnu","Pop Rock","1999",1
"Inconnu","Pop Rock","2000",2
"Inconnu","Pop Rock","2001",1
"Inconnu","Pop Rock","2002",1
"Inconnu","Pop Rock","2003",5
"Inconnu","Pop Rock","2005",3
"Inconnu","Pop Rock","2006",1
"Inconnu","Pop Rock","2007",4
"Inconnu","Pop Rock","2008",3
"Inconnu","Pop Rock","2009",3
"Inconnu","Pop Rock","2011",1
"Inconnu","Pop Rock","2012",2
"Inconnu","Pop Rock","2013",1
"Inconnu","Pop Rock","2014",1
"Inconnu","Pop Rock","2015",1
"Inconnu","Post-Grunge","1997",2
"Inconnu","Post-Grunge","2000",1
"Inconnu","Post-Grunge","2002",1
"Inconnu","Post-Hardcore","2003",1
"Inconnu","Post-Hardcore","2008",1
"Inconnu","Post-Hardcore","2009",3
"Inconnu","Post-Hardcore","2010",3
"Inconnu","Post-Hardcore","2012",1
"Inconnu","Post-Hardcore","2013",2
"Inconnu","Post-Hardcore","2014",1
"Inconnu","Post-Punk","1977",2
"Inconnu","Post-Punk","2015",1
"Inconnu","Post-Rock","1994",1
"Inconnu","Post-Rock","1995",1
"Inconnu","Post-Rock","1996",1
"Inconnu","Post-Rock","1998",1
"Inconnu","Post-Rock","2001",1
"Inconnu","Post-Rock","2004",1
"Inconnu","Post-Rock","2009",1
"Inconnu","Power Metal","1982",1
"Inconnu","Power Metal","1985",1
"Inconnu","Power Metal","1990",1
"Inconnu","Power Metal","1992",2
"Inconnu","Power Metal","1994",1
"Inconnu","Power Metal","1998",2
"Inconnu","Power Metal","2000",1
"Inconnu","Power Metal","2003",1
"Inconnu","Power Metal","2004",2
"Inconnu","Power Metal","2006",2
"Inconnu","Power Metal","2007",2
"Inconnu","Power Metal","2008",1
"Inconnu","Power Metal","2011",1
"Inconnu","Power Metal","2012",1
"Inconnu","Power Metal","2013",2
"Inconnu","Powerviolence","2005",1
"Inconnu","Powerviolence","2007",1
"Inconnu","Progressive Folk","2012",1
"Inconnu","Progressive Metal","1984",1
"Inconnu","Progressive Metal","1986",1
"Inconnu","Progressive Metal","1987",1
"Inconnu","Progressive Metal","1988",1
"Inconnu","Progressive Metal","1989",1
"Inconnu","Progressive Metal","1991",1
"Inconnu","Progressive Metal","1993",1
"Inconnu","Progressive Metal","1995",1
"Inconnu","Progressive Metal","1997",2
"Inconnu","Progressive Metal","1998",1
"Inconnu","Progressive Metal","2000",1
"Inconnu","Progressive Metal","2003",1
"Inconnu","Progressive Metal","2005",1
"Inconnu","Progressive Metal","2006",1
"Inconnu","Progressive Metal","2007",1
"Inconnu","Progressive Metal","2009",2
"Inconnu","Progressive Metal","2011",2
"Inconnu","Progressive Metal","2012",1
"Inconnu","Progressive Metal","2013",2
"Inconnu","Progressive Metal","2014",3
"Inconnu","Progressive Rock","1969",1
"Inconnu","Progressive Rock","1973",1
"Inconnu","Progressive Rock","1974",2
"Inconnu","Progressive Rock","1975",1
"Inconnu","Progressive Rock","1976",1
"Inconnu","Progressive Rock","1977",3
"Inconnu","Progressive Rock","1978",1
"Inconnu","Progressive Rock","1980",2
"Inconnu","Progressive Rock","1982",2
"Inconnu","Progressive Rock","1984",1
"Inconnu","Progressive Rock","1985",1
"Inconnu","Progressive Rock","1986",1
"Inconnu","Progressive Rock","1992",1
"Inconnu","Progressive Rock","2001",1
"Inconnu","Progressive Rock","2013",1
"Inconnu","Protest Song","1973",1
"Inconnu","Psychedelic","1968",1
"Inconnu","Psychedelic Pop","2015",1
"Inconnu","Psychedelic Rock","1967",1
"Inconnu","Psychedelic Rock","1968",1
"Inconnu","Psychedelic Rock","1969",2
"Inconnu","Psychedelic Rock","1984",1
"Inconnu","Psychedelic Rock","2014",1
"Inconnu","Punk Rock","1980",3
"Inconnu","Punk Rock","1981",1
"Inconnu","Punk Rock","1982",2
"Inconnu","Punk Rock","1984",1
"Inconnu","Punk Rock","1985",1
"Inconnu","Punk Rock","1987",1
"Inconnu","Punk Rock","1989",2
"Inconnu","Punk Rock","1990",3
"Inconnu","Punk Rock","1991",2
"Inconnu","Punk Rock","1992",3
"Inconnu","Punk Rock","1993",3
"Inconnu","Punk Rock","1994",7
"Inconnu","Punk Rock","1995",7
"Inconnu","Punk Rock","1996",10
"Inconnu","Punk Rock","1997",2
"Inconnu","Punk Rock","1998",4
"Inconnu","Punk Rock","1999",4
"Inconnu","Punk Rock","2000",9
"Inconnu","Punk Rock","2001",1
"Inconnu","Punk Rock","2002",1
"Inconnu","Punk Rock","2003",4
"Inconnu","Punk Rock","2004",2
"Inconnu","Punk Rock","2005",3
"Inconnu","Punk Rock","2007",2
"Inconnu","Punk Rock","2008",1
"Inconnu","Punk Rock","2010",2
"Inconnu","Punk Rock","2011",1
"Inconnu","R&B","1979",1
"Inconnu","R&B","1981",1
"Inconnu","R&B","1982",1
"Inconnu","R&B","1988",3
"Inconnu","R&B","1991",1
"Inconnu","R&B","1992",1
"Inconnu","R&B","1995",1
"Inconnu","R&B","1996",1
"Inconnu","R&B","2001",1
"Inconnu","R&B","2002",2
"Inconnu","R&B","2003",1
"Inconnu","R&B","2004",1
"Inconnu","R&B","2009",2
"Inconnu","R&B","2010",2
"Inconnu","R&B","2011",1
"Inconnu","R&B","2015",1
"Inconnu","Rap Rock","2013",1
"Inconnu","Reggae","1982",1
"Inconnu","Reggae","1983",1
"Inconnu","Reggae","1984",1
"Inconnu","Reggae","1985",2
"Inconnu","Reggae","1986",1
"Inconnu","Reggae","1987",1
"Inconnu","Reggae","1989",1
"Inconnu","Reggae","1993",1
"Inconnu","Reggae","1998",2
"Inconnu","Reggae","2003",1
"Inconnu","Reggae","2005",1
"Inconnu","Reggae","2007",1
"Inconnu","Reggae","2008",1
"Inconnu","Reggaeton","2004",1
"Inconnu","Regional Mexican","2009",1
"Inconnu","Religious","1998",1
"Inconnu","Religious","2015",1
"Inconnu","RIO","1977",1
"Inconnu","RIO","1979",1
"Inconnu","Rock","1970",3
"Inconnu","Rock","1971",1
"Inconnu","Rock","1972",1
"Inconnu","Rock","1973",2
"Inconnu","Rock","1974",2
"Inconnu","Rock","1977",1
"Inconnu","Rock","1979",3
"Inconnu","Rock","1980",3
"Inconnu","Rock","1981",3
"Inconnu","Rock","1982",6
"Inconnu","Rock","1983",5
"Inconnu","Rock","1984",5
"Inconnu","Rock","1985",3
"Inconnu","Rock","1986",4
"Inconnu","Rock","1987",1
"Inconnu","Rock","1988",1
"Inconnu","Rock","1989",5
"Inconnu","Rock","1990",4
"Inconnu","Rock","1991",5
"Inconnu","Rock","1992",2
"Inconnu","Rock","1993",7
"Inconnu","Rock","1994",2
"Inconnu","Rock","1995",4
"Inconnu","Rock","1996",4
"Inconnu","Rock","1997",6
"Inconnu","Rock","1998",5
"Inconnu","Rock","1999",5
"Inconnu","Rock","2000",6
"Inconnu","Rock","2001",2
"Inconnu","Rock","2002",8
"Inconnu","Rock","2003",5
"Inconnu","Rock","2004",8
"Inconnu","Rock","2005",4
"Inconnu","Rock","2006",9
"Inconnu","Rock","2007",2
"Inconnu","Rock","2008",3
"Inconnu","Rock","2009",2
"Inconnu","Rock","2010",3
"Inconnu","Rock","2011",3
"Inconnu","Rock","2012",4
"Inconnu","Rock","2014",1
"Inconnu","Rock","2015",1
"Inconnu","Rock Against Communism","1992",1
"Inconnu","Rock Against Communism","1993",1
"Inconnu","Rock Against Communism","2000",1
"Inconnu","Samba","1970",1
"Inconnu","Samba","1974",1
"Inconnu","Samba","1981",1
"Inconnu","Schlager","1961",1
"Inconnu","Schlager","1965",1
"Inconnu","Schlager","1967",2
"Inconnu","Schlager","1968",1
"Inconnu","Schlager","1972",1
"Inconnu","Schlager","1973",1
"Inconnu","Schlager","1975",1
"Inconnu","Schlager","1977",1
"Inconnu","Schlager","1978",2
"Inconnu","Schlager","1979",1
"Inconnu","Schlager","1980",1
"Inconnu","Schlager","1981",3
"Inconnu","Schlager","1983",1
"Inconnu","Schlager","1984",1
"Inconnu","Schlager","1985",2
"Inconnu","Schlager","1988",1
"Inconnu","Schlager","1989",2
"Inconnu","Schlager","1990",1
"Inconnu","Schlager","1991",1
"Inconnu","Schlager","1994",1
"Inconnu","Schlager","1995",1
"Inconnu","Schlager","2014",1
"Inconnu","Sertanejo","2002",1
"Inconnu","Sertanejo","2004",1
"Inconnu","Sertanejo","2005",1
"Inconnu","Sertanejo","2008",3
"Inconnu","Sertanejo","2009",1
"Inconnu","Sertanejo","2010",1
"Inconnu","Sertanejo","2011",1
"Inconnu","Sertanejo","2013",1
"Inconnu","Shoegazing","2011",1
"Inconnu","Ska Punk","1998",1
"Inconnu","Ska Punk","2001",1
"Inconnu","Ska Punk","2004",1
"Inconnu","Ska Punk","2007",1
"Inconnu","Sludge Metal","2012",1
"Inconnu","Sludge Metal","2015",1
"Inconnu","Soft Rock","2004",1
"Inconnu","Soul","1969",1
"Inconnu","Soul","1970",2
"Inconnu","Soul","1973",2
"Inconnu","Soul","1974",1
"Inconnu","Soul","1976",1
"Inconnu","Soul","1977",1
"Inconnu","Soul","1979",1
"Inconnu","Soul","1980",1
"Inconnu","Soul","1986",1
"Inconnu","Soul","1991",1
"Inconnu","Soul","2002",1
"Inconnu","Soul","2003",1
"Inconnu","Soul","2004",1
"Inconnu","Soul","2005",2
"Inconnu","Soul","2008",1
"Inconnu","Soundtrack","1998",1
"Inconnu","Soundtrack","1999",1
"Inconnu","Soundtrack","2001",1
"Inconnu","Soundtrack","2014",1
"Inconnu","Southern Hip Hop","1992",1
"Inconnu","Southern Hip Hop","1993",1
"Inconnu","Southern Hip Hop","1994",2
"Inconnu","Southern Hip Hop","1995",1
"Inconnu","Southern Hip Hop","1996",2
"Inconnu","Southern Hip Hop","2000",1
"Inconnu","Southern Hip Hop","2001",1
"Inconnu","Southern Hip Hop","2002",1
"Inconnu","Southern Hip Hop","2005",1
"Inconnu","Southern Hip Hop","2009",1
"Inconnu","Southern Rock","1971",1
"Inconnu","Southern Rock","1972",1
"Inconnu","Southern Rock","1974",1
"Inconnu","Southern Rock","1975",1
"Inconnu","Southern Rock","1976",1
"Inconnu","Southern Rock","1977",1
"Inconnu","Space Rock","1994",1
"Inconnu","Speed Metal","1981",1
"Inconnu","Speed Metal","1984",1
"Inconnu","Speed Metal","1987",1
"Inconnu","Speed Metal","1991",1
"Inconnu","Speed Metal","1997",1
"Inconnu","Speed Metal","2011",1
"Inconnu","Steampunk","2012",1
"Inconnu","Stoner Rock","2013",1
"Inconnu","Street Punk","1994",1
"Inconnu","Street Punk","1995",1
"Inconnu","Street Punk","1996",1
"Inconnu","Symphonic Black Metal","1999",1
"Inconnu","Symphonic Metal","2000",1
"Inconnu","Symphonic Metal","2007",1
"Inconnu","Symphonic Metal","2008",1
"Inconnu","Symphonic Metal","2010",2
"Inconnu","Symphonic Metal","2011",1
"Inconnu","Symphonic Rock","1995",1
"Inconnu","Synthpop","1986",1
"Inconnu","Synthpop","1988",1
"Inconnu","Synthpop","1989",1
"Inconnu","Synthpop","2003",1
"Inconnu","Synthpop","2004",2
"Inconnu","Synthpop","2006",1
"Inconnu","Synthpop","2012",1
"Inconnu","Synthpop","2013",2
"Inconnu","Synthpop","2015",1
"Inconnu","Technical Death Metal","2009",1
"Inconnu","Technical Death Metal","2015",1
"Inconnu","Techno","1998",1
"Inconnu","Teen Pop","1988",1
"Inconnu","Teen Pop","2000",1
"Inconnu","Teen Pop","2001",1
"Inconnu","Teen Pop","2003",1
"Inconnu","Thrash Metal","1982",1
"Inconnu","Thrash Metal","1985",1
"Inconnu","Thrash Metal","1987",1
"Inconnu","Thrash Metal","1988",1
"Inconnu","Thrash Metal","1993",1
"Inconnu","Thrash Metal","1995",1
"Inconnu","Thrash Metal","1997",2
"Inconnu","Thrash Metal","1998",1
"Inconnu","Thrash Metal","1999",1
"Inconnu","Thrash Metal","2000",2
"Inconnu","Thrash Metal","2002",1
"Inconnu","Thrash Metal","2003",1
"Inconnu","Thrash Metal","2004",2
"Inconnu","Thrash Metal","2005",3
"Inconnu","Thrash Metal","2006",3
"Inconnu","Thrash Metal","2008",2
"Inconnu","Thrash Metal","2009",4
"Inconnu","Thrash Metal","2012",1
"Inconnu","Thrash Metal","2013",1
"Inconnu","Thrash Metal","2014",1
"Inconnu","Trance","2000",1
"Inconnu","Trip Hop","2008",1
"Inconnu","Trip Hop","2010",1
"Inconnu","Trip Hop","2013",1
"Inconnu","Underground Hip Hop","2004",1
"Inconnu","Viking Metal","1992",1
"Inconnu","Viking Metal","2002",1
"Inconnu","Viking Metal","2003",1
"Inconnu","Viking Metal","2006",1
"Inconnu","Viking Metal","2008",1
"Inconnu","Viking Metal","2009",1
"Inconnu","Visual Kei","2007",1
"Inconnu","Vocal","1963",1
"Inconnu","Vocal","2011",1
"Inconnu","Vocal Jazz","2011",1
"Inconnu","Volkslied","1968",1
"Inconnu","West Coast Hip Hop","1998",1
"Inconnu","West Coast Hip Hop","2002",1
"Inconnu","West Coast Hip Hop","2007",1
"IT","Alternative Rock","2001",2
"IT","Gothic Metal","2006",1
"IT","Grunge","1999",1
"IT","Jazz","1998",1
"IT","MPB","2006",1
"IT","Pop","1987",1
"IT","Rock","1978",1
"IT","Rock","1979",1
"IT","Rock","1980",1
"IT","Rock","1981",1
"IT","Rock","1982",1
"IT","Rock","1983",1
"IT","Rock","1985",1
"IT","Rock","1987",1
"IT","Rock","1989",1
"IT","Rock","1993",1
"IT","Rock","1996",1
"IT","Rock","1997",1
"IT","Rock","1998",1
"IT","Rock","2001",1
"IT","Rock","2004",1
"IT","Rock","2008",1
"IT","Rock","2011",1
"JP","Avant-garde","2001",1
"JP","Electronica","2007",1
"JP","Folk Metal","2011",1
"JP","Hard Rock","2011",1
"JP","Heavy Metal","2009",1
"JP","J-Pop","1996",1
"JP","J-Pop","2010",1
"JP","J-Pop","2011",1
"JP","J-Pop","2013",1
"JP","J-Pop","2014",1
"JP","J-Rock","2005",2
"JP","J-Rock","2006",5
"JP","J-Rock","2007",3
"JP","J-Rock","2008",4
"JP","Jazz","1995",1
"JP","Jazz","2002",1
"JP","Jazz","2003",1
"JP","Pop","2001",1
"JP","Pop Rock","2009",1
"JP","Power Metal","2003",1
"JP","Progressive Rock","1972",1
"JP","Rock","2003",1
"JP","Soul","1998",1
"JP","Soul","1999",1
"JP","Trip Hop","1999",1
"JP","Visual Kei","2006",1
"JP","Visual Kei","2007",2
"JP","Vocal","2000",1
"NL","Alternative Rock","2003",1
"NL","Black Metal","1997",1
"NL","Black Metal","2000",1
"NL","Black Metal","2002",1
"NL","Black Metal","2008",1
"NL","Death Metal","2007",1
"NL","Electronic","1994",1
"NL","Electronic","1997",1
"NL","Folk Rock","2001",1
"NL","Folk Rock","2002",1
"NL","Folktronica","2005",1
"NL","Hard Rock","1982",1
"NL","Hard Rock","1983",1
"NL","Heavy Metal","1992",1
"NL","New Wave","1994",1
"NL","Punk Rock","2000",1
"NL","Rock","2008",1
"NO","Black Metal","1995",1
"NO","Electronic","2009",1
"NO","Electronica","2006",1
"NO","Electronica","2007",1
"NO","Experimental","1999",1
"NO","Experimental","2000",1
"NO","Experimental","2005",1
"NO","Folk Rock","1996",1
"NO","Folk Rock","2005",1
"NO","Folk Rock","2006",1
"NO","Glam Rock","2012",1
"NO","Gothic Metal","1998",1
"NO","Hard Rock","1994",1
"NO","Pop","1996",1
"PL","Death Metal","1995",1
"PL","Death Metal","1997",1
"PL","Death Metal","2000",1
"PL","Progressive Rock","1982",1
"PL","Reggae","2005",1
"PL","Reggae","2007",1
"PL","Reggae","2010",1
"PT","Folk Rock","2009",1
"PT","Pop","1985",1
"PT","Rock","1992",1
"PT","Rock","2003",1
"PT","Rock","2005",1
"RO","Alternative Rock","1999",1
"RO","Alternative Rock","2003",1
"RO","Alternative Rock","2005",1
"RU","Industrial Metal","2007",1
"SE","Black Metal","2006",1
"SE","Black Metal","2011",1
"SE","Death Metal","2004",1
"SE","Death Metal","2005",1
"SE","Death Metal","2008",1
"SE","Electropop","2010",1
"SE","Hard Rock","2003",1
"SE","Hard Rock","2005",1
"SE","Pop","2005",1
"SE","Pop","2006",2
"SE","Pop","2008",1
"SE","Psychedelic Rock","2007",1
"SE","Rock","1975",1
"SE","Synthpop","2006",1
"US","Acoustic","1995",1
"US","Adult Alternative","2002",1
"US","Aggrotech","2008",1
"US","Alternative Country","1993",1
"US","Alternative Metal","1991",1
"US","Alternative Metal","1996",1
"US","Alternative Metal","2002",1
"US","Alternative Metal","2005",1
"US","Alternative Rock","1978",1
"US","Alternative Rock","1980",2
"US","Alternative Rock","1994",1
"US","Alternative Rock","1996",4
"US","Alternative Rock","1998",1
"US","Alternative Rock","1999",1
"US","Alternative Rock","2000",2
"US","Alternative Rock","2001",1
"US","Alternative Rock","2002",3
"US","Alternative Rock","2003",2
"US","Alternative Rock","2004",1
"US","Alternative Rock","2005",3
"US","Alternative Rock","2006",2
"US","Alternative Rock","2007",2
"US","Alternative Rock","2008",1
"US","Alternative Rock","2009",3
"US","Alternative Rock","2010",3
"US","Alternative Rock","2011",1
"US","Alternative Rock","2014",2
"US","Alternative Rock","2015",1
"US","Art Rock","2004",1
"US","Art Rock","2008",1
"US","Avant-garde","1992",1
"US","Avant-garde","1993",1
"US","Avant-garde","1994",1
"US","Avant-garde","1996",1
"US","Avant-garde","2001",1
"US","Avant-garde","2002",1
"US","Avant-garde","2004",1
"US","Avant-garde","2005",1
"US","Avant-garde","2007",1
"US","Avant-garde","2010",1
"US","Avant-garde Metal","2006",1
"US","Baroque Pop","2009",1
"US","Black Metal","2005",1
"US","Black Metal","2006",1
"US","Blues","1997",1
"US","Blues","2010",1
"US","Christian Hip Hop","2010",1
"US","Christian Hip Hop","2012",1
"US","Christmas","1989",1
"US","Christmas","2001",1
"US","Christmas","2004",1
"US","Christmas","2008",1
"US","Contemporary Christian","1997",1
"US","Contemporary Christian","1999",1
"US","Contemporary Christian","2005",1
"US","Contemporary Christian","2007",1
"US","Contemporary Christian","2010",1
"US","Country","1968",1
"US","Country","1969",1
"US","Country","1973",1
"US","Country","1984",1
"US","Country","1989",1
"US","Country","1991",2
"US","Country","1992",2
"US","Country","1993",4
"US","Country","1994",4
"US","Country","1995",4
"US","Country","1996",6
"US","Country","1997",3
"US","Country","1998",4
"US","Country","1999",4
"US","Country","2000",1
"US","Country","2001",7
"US","Country","2002",1
"US","Country","2003",2
"US","Country","2005",5
"US","Country","2006",2
"US","Country","2007",7
"US","Country","2009",1
"US","Country","2010",1
"US","Country","2012",1
"US","Country","2014",1
"US","Dance","2011",1
"US","Dance","2014",1
"US","Dance-Pop","1998",1
"US","Dance-Pop","2008",1
"US","Dark Ambient","2006",1
"US","Dark Wave","2001",1
"US","Dark Wave","2004",1
"US","Dark Wave","2006",1
"US","Death Metal","1992",1
"US","Death Metal","1996",1
"US","Death Metal","1997",1
"US","Death Metal","1999",1
"US","Death Metal","2001",1
"US","Death Metal","2002",2
"US","Death Metal","2005",1
"US","Death Metal","2006",1
"US","Death Metal","2007",1
"US","Deathcore","2010",1
"US","Deathcore","2012",1
"US","Disco","1978",1
"US","EBM","2012",1
"US","Electro","2001",2
"US","Electro","2007",1
"US","Electronic","1992",1
"US","Electronic","2000",1
"US","Electronic","2002",1
"US","Electronic","2005",1
"US","Electronic Rock","1999",1
"US","Electronic Rock","2010",1
"US","Electronica","1998",1
"US","Electronica","2009",1
"US","Experimental Pop","2009",2
"US","Experimental Pop","2010",1
"US","Experimental Pop","2011",1
"US","Experimental Rock","1994",1
"US","Filk","2001",1
"US","Folk","1967",1
"US","Folk","1968",1
"US","Folk","1969",1
"US","Folk","1971",1
"US","Folk","1977",1
"US","Folk","1978",1
"US","Folk","1987",1
"US","Folk","1989",1
"US","Folk","1993",1
"US","Folk","2000",2
"US","Folk","2002",1
"US","Folk","2003",2
"US","Folk","2004",1
"US","Folk","2005",1
"US","Folk","2007",1
"US","Folk Metal","1998",1
"US","Folk Metal","1999",1
"US","Folk Rock","1965",1
"US","Folk Rock","1969",1
"US","Folk Rock","1991",1
"US","Folk Rock","1993",1
"US","Folk Rock","1995",1
"US","Folk Rock","2009",1
"US","French Pop","1992",1
"US","Funk","1972",1
"US","Futurepop","2010",1
"US","Futurepop","2011",1
"US","Glam Metal","1990",1
"US","Glam Metal","1992",1
"US","Gospel","2001",1
"US","Gospel","2004",1
"US","Gospel","2005",1
"US","Gothic","2000",1
"US","Gothic","2002",1
"US","Gothic","2007",1
"US","Gothic","2008",1
"US","Gothic","Inconnu",1
"US","Gothic Rock","1982",1
"US","Grindcore","Inconnu",1
"US","Grunge","1998",1
"US","Hard Rock","1975",1
"US","Hard Rock","1976",1
"US","Hard Rock","1977",1
"US","Hard Rock","1978",1
"US","Hard Rock","1979",2
"US","Hard Rock","1980",2
"US","Hard Rock","1981",2
"US","Hard Rock","1982",1
"US","Hard Rock","1983",2
"US","Hard Rock","1984",1
"US","Hard Rock","1985",2
"US","Hard Rock","1986",2
"US","Hard Rock","1987",1
"US","Hard Rock","1988",2
"US","Hard Rock","1989",1
"US","Hard Rock","1990",1
"US","Hard Rock","1992",4
"US","Hard Rock","1995",3
"US","Hard Rock","1996",2
"US","Hard Rock","1999",1
"US","Hard Rock","2002",2
"US","Hard Rock","2004",1
"US","Hard Rock","2006",1
"US","Hard Rock","2013",1
"US","Hardcore Hip Hop","2001",1
"US","Hardcore Hip Hop","2005",1
"US","Hardcore Punk","2006",1
"US","Hardcore Punk","2007",1
"US","Heavy Metal","1982",1
"US","Heavy Metal","1983",1
"US","Heavy Metal","1984",1
"US","Heavy Metal","1985",1
"US","Heavy Metal","1987",1
"US","Heavy Metal","1993",1
"US","Heavy Metal","1995",1
"US","Heavy Metal","2013",1
"US","Hip Hop","1989",2
"US","Hip Hop","1990",1
"US","Hip Hop","1992",1
"US","Hip Hop","1995",1
"US","Hip Hop","1996",1
"US","Hip Hop","1999",1
"US","Hip Hop","2003",1
"US","Hip Hop","2004",1
"US","Hip Hop","2005",2
"US","Hip Hop","2006",2
"US","Hip Hop","2008",5
"US","Hip Hop","2010",2
"US","Hip Hop","2011",1
"US","Hip Hop","2014",1
"US","Horror Punk","2005",1
"US","Horrorcore","1998",1
"US","Horrorcore","2000",2
"US","Horrorcore","2002",1
"US","Horrorcore","2003",1
"US","Horrorcore","2007",1
"US","Horrorcore","2009",1
"US","Horrorcore","2010",1
"US","House","1999",1
"US","Indie","2008",1
"US","Indie","2009",1
"US","Indie Pop","2004",1
"US","Indie Pop","2007",1
"US","Indie Rock","1993",1
"US","Indie Rock","1994",1
"US","Indie Rock","1995",2
"US","Indie Rock","1996",3
"US","Indie Rock","2001",1
"US","Indie Rock","2002",2
"US","Indie Rock","2004",2
"US","Indie Rock","2005",1
"US","Indie Rock","2006",2
"US","Indie Rock","2007",1
"US","Indie Rock","2008",3
"US","Indie Rock","2010",1
"US","Indie Rock","2014",1
"US","Industrial","1996",1
"US","Industrial","1998",1
"US","Industrial","2000",1
"US","Industrial","2003",1
"US","Industrial","2006",1
"US","Industrial","2009",1
"US","Industrial Metal","1998",1
"US","Jazz","1957",1
"US","Jazz","1959",2
"US","Jazz","1963",1
"US","Jazz","1966",1
"US","Jazz","1967",1
"US","Jazz","1970",2
"US","Jazz","1971",1
"US","Jazz","1972",1
"US","Jazz","1977",1
"US","Jazz","1986",1
"US","Jazz","1987",2
"US","Jazz","1990",1
"US","Jazz","1992",1
"US","Jazz","1993",1
"US","Jazz","1997",1
"US","Jazz","2006",1
"US","Jazz","2008",1
"US","Jazz Fusion","1971",1
"US","Metalcore","1999",1
"US","Metalcore","2001",1
"US","Metalcore","2004",1
"US","Metalcore","2005",2
"US","Metalcore","2006",2
"US","Metalcore","2008",2
"US","Metalcore","2009",2
"US","Metalcore","2010",1
"US","Metalcore","2011",3
"US","Midwest Rap","1992",1
"US","Midwest Rap","1997",1
"US","Midwest Rap","1998",1
"US","Midwest Rap","1999",1
"US","New Age","1996",1
"US","New Age","1997",1
"US","New Age","2000",1
"US","New Age","2003",1
"US","New Wave","1982",1
"US","New Wave","1986",1
"US","Nu Metal","1998",1
"US","Nu Metal","2001",1
"US","Piano Rock","2004",1
"US","Piano Rock","2008",1
"US","Pop","1970",1
"US","Pop","1971",1
"US","Pop","1973",1
"US","Pop","1975",1
"US","Pop","1980",2
"US","Pop","1981",2
"US","Pop","1982",1
"US","Pop","1983",2
"US","Pop","1984",1
"US","Pop","1985",1
"US","Pop","1987",1
"US","Pop","1988",1
"US","Pop","1989",1
"US","Pop","1990",2
"US","Pop","1991",1
"US","Pop","1992",2
"US","Pop","1993",1
"US","Pop","1995",1
"US","Pop","1996",2
"US","Pop","1998",1
"US","Pop","1999",3
"US","Pop","2000",2
"US","Pop","2001",1
"US","Pop","2002",1
"US","Pop","2003",1
"US","Pop","2005",3
"US","Pop","2006",1
"US","Pop","2007",2
"US","Pop","2008",2
"US","Pop","2012",1
"US","Pop","2015",2
"US","Pop Punk","2001",1
"US","Pop Punk","2003",1
"US","Pop Punk","2005",2
"US","Pop Punk","2007",1
"US","Pop Punk","2008",3
"US","Pop Punk","2009",1
"US","Pop Punk","2010",1
"US","Pop Punk","2011",1
"US","Pop Rock","1966",1
"US","Pop Rock","1967",1
"US","Pop Rock","2002",1
"US","Pop Rock","2009",1
"US","Pop Rock","2010",1
"US","Post-Grunge","1992",1
"US","Post-Grunge","1994",1
"US","Post-Grunge","1995",1
"US","Post-Grunge","1998",1
"US","Post-Grunge","2000",1
"US","Post-Hardcore","1996",1
"US","Post-Hardcore","1998",1
"US","Post-Hardcore","2001",1
"US","Post-Hardcore","2003",1
"US","Post-Hardcore","2004",1
"US","Post-Hardcore","2005",1
"US","Post-Hardcore","2006",1
"US","Post-Hardcore","2007",1
"US","Post-Hardcore","2009",2
"US","Post-Hardcore","2011",1
"US","Post-Hardcore","2013",1
"US","Post-Punk","2011",1
"US","Power Metal","1983",1
"US","Power Metal","1988",1
"US","Power Metal","1996",1
"US","Power Metal","1999",1
"US","Power Metal","2000",1
"US","Power Metal","2006",1
"US","Power Metal","2010",1
"US","Power Pop","2000",2
"US","Power Pop","2001",1
"US","Power Pop","2004",1
"US","Power Pop","2005",1
"US","Progressive Metal","2000",3
"US","Progressive Metal","2004",1
"US","Progressive Rock","1969",1
"US","Progressive Rock","1970",1
"US","Progressive Rock","1974",2
"US","Progressive Rock","1976",1
"US","Progressive Rock","1989",1
"US","Progressive Rock","1990",1
"US","Psychedelic Pop","1969",1
"US","Psychedelic Rock","1967",1
"US","Psychedelic Rock","1968",1
"US","Psychedelic Rock","1969",1
"US","Psychedelic Rock","1989",1
"US","Psychedelic Rock","2004",1
"US","Psychedelic Rock","2007",1
"US","Punk Rock","1984",1
"US","Punk Rock","1994",1
"US","Punk Rock","1996",1
"US","Punk Rock","2007",2
"US","R&B","1982",1
"US","R&B","1988",1
"US","R&B","1990",2
"US","R&B","1991",1
"US","R&B","1993",1
"US","R&B","1994",2
"US","R&B","1996",1
"US","R&B","1997",2
"US","R&B","1998",3
"US","R&B","1999",2
"US","R&B","2001",3
"US","R&B","2003",1
"US","R&B","2004",2
"US","R&B","2005",1
"US","R&B","2006",1
"US","R&B","2007",1
"US","R&B","2008",2
"US","R&B","2010",3
"US","R&B","2012",1
"US","Rap Rock","2000",1
"US","Rap Rock","2009",1
"US","Rap Rock","2011",1
"US","Reggae","1980",1
"US","Reggae","1981",2
"US","Reggae","1983",2
"US","Reggae","1987",1
"US","Reggae","1997",1
"US","Reggae","2010",1
"US","RIO","1983",1
"US","Rock","1968",1
"US","Rock","1978",1
"US","Rock","1979",1
"US","Rock","1981",2
"US","Rock","1982",1
"US","Rock","1984",1
"US","Rock","1986",1
"US","Rock","1989",1
"US","Rock","1990",2
"US","Rock","1991",1
"US","Rock","1992",2
"US","Rock","1994",1
"US","Rock","1995",2
"US","Rock","1996",1
"US","Rock","1997",3
"US","Rock","1998",5
"US","Rock","1999",3
"US","Rock","2000",1
"US","Rock","2001",1
"US","Rock","2002",6
"US","Rock","2003",3
"US","Rock","2004",3
"US","Rock","2006",1
"US","Rock","2008",2
"US","Rock","2010",2
"US","Rock","2011",1
"US","Rock And Roll","1993",1
"US","Roots","1989",1
"US","Roots","2005",1
"US","Screamo","1999",1
"US","Screamo","2000",1
"US","Screamo","2002",1
"US","Screamo","2004",1
"US","Screamo","2006",1
"US","Ska","2009",1
"US","Soft Rock","2006",1
"US","Soul","1962",1
"US","Soul","1993",1
"US","Soul","1996",1
"US","Soul","2000",1
"US","Soul","2002",1
"US","Southern Hip Hop","2002",1
"US","Southern Hip Hop","2007",1
"US","Southern Hip Hop","2011",1
"US","Steampunk","2010",1
"US","Symphonic Black Metal","2001",1
"US","Synthpop","1988",1
"US","Techno","2002",1
"US","Techno","2007",1
"US","Thrash Metal","1988",1
"US","Thrash Metal","1990",2
"US","Thrash Metal","1991",2
"US","Thrash Metal","1992",1
"US","Thrash Metal","2005",1
"US","Thrash Metal","2006",1
"US","Thrash Metal","2007",1
"US","Thrash Metal","2008",2
"US","Thrash Metal","2011",1
"US","Trip Hop","1996",3
"US","Trip Hop","2001",2
"US","Trip Hop","2002",1
"US","Trip Hop","2003",1
"US","Vocal","1992",1
"US","Vocal Jazz","2006",1
"US","World Music","1992",1
"XE","Alternative Metal","2010",1
"XE","Alternative Rock","1992",1
"XE","Alternative Rock","1999",1
"XE","Alternative Rock","2001",1
"XE","Ambient","2007",1
"XE","Death Metal","2004",1
"XE","Death Metal","2009",1
"XE","Electronic","1996",1
"XE","Electronic","2005",1
"XE","Electronica","2010",1
"XE","Hard Rock","2005",1
"XE","Hard Rock","2015",1
"XE","Heavy Metal","1991",1
"XE","Hip Hop","1988",1
"XE","Indie Rock","2006",1
"XE","Indie Rock","2007",1
"XE","Indie Rock","2010",1
"XE","Jazz","2004",1
"XE","New Wave","1984",1
"XE","Post-Punk","2013",1
"XE","Punk Rock","2010",1
"XE","R&B","1996",1
"XE","Symphonic Metal","2007",1
"XE","Viking Metal","2011",2
"XW","Chill-out","2013",1
"XW","Comedy","2009",1
"XW","Electronic","2004",1
"XW","Electronic","2006",1
"XW","Electronic","2008",1
"XW","Electronic","2009",1
"XW","Electronic Rock","2010",1
"XW","Folk","1996",1
"XW","Folk Rock","2011",1
"XW","Heavy Metal","1981",1
"XW","Heavy Metal","2006",1
"XW","Hip Hop","2008",1
"XW","Hip Hop","2009",1
"XW","Industrial Metal","2008",1
"XW","Melodic Death Metal","2002",1
"XW","Orchestral","2012",1
"XW","Piano Rock","2006",1
"XW","Pop Punk","2011",1
"XW","Power Metal","1995",1
"XW","Power Metal","1998",1
"XW","Rock","2009",1
"XW","Rock","2014",1
"ZA","Rock","2007",1
"ZA","Rock","2008",1
"ZA","Rock","2010",1
